gamePk,gameDate,homeId,homeTri,awayId,awayTri,venue,gameState
2025010101,2025-09-20T23:00:00Z,25,DAL,19,STL,American Airlines Center,FINAL
2025010007,2025-09-21T17:00:00Z,1,NJD,3,NYR,Prudential Center,FINAL
2025010004,2025-09-21T19:00:00Z,18,NSH,13,FLA,Bridgestone Arena,FINAL
2025010010,2025-09-21T19:00:00Z,9,OTT,10,TOR,Canadian Tire Centre,FINAL
2025010006,2025-09-21T21:00:00Z,52,WPG,30,MIN,Canada Life Centre,FINAL
2025010009,2025-09-21T21:00:00Z,29,CBJ,19,STL,Nationwide Arena,FINAL
2025010013,2025-09-21T21:00:00Z,6,BOS,15,WSH,TD Garden,FINAL
2025010001,2025-09-21T22:00:00Z,26,LAK,24,ANA,Toyota Arena,FINAL
2025010005,2025-09-21T23:00:00Z,18,NSH,13,FLA,Bridgestone Arena,FINAL
2025010008,2025-09-21T23:00:00Z,2,NYI,4,PHI,UBS Arena,FINAL
2025010103,2025-09-21T23:00:00Z,68,UTA,21,COL,Magness Arena,FINAL
2025010002,2025-09-22T00:00:00Z,22,EDM,20,CGY,Rogers Place,FINAL
2025010003,2025-09-22T00:00:00Z,20,CGY,22,EDM,Scotiabank Saddledome,FINAL
2025010011,2025-09-22T00:00:00Z,55,SEA,23,VAN,Climate Pledge Arena,FINAL
2025010012,2025-09-22T00:00:00Z,28,SJS,54,VGK,SAP Center at San Jose,FINAL
2025010104,2025-09-22T01:30:00Z,21,COL,68,UTA,Ball Arena,FINAL
2025010014,2025-09-22T23:00:00Z,29,CBJ,7,BUF,Nationwide Arena,FINAL
2025010015,2025-09-22T23:00:00Z,8,MTL,5,PIT,Centre Bell,FINAL
2025010016,2025-09-22T23:00:00Z,12,CAR,14,TBL,Lenovo Center,FINAL
2025010017,2025-09-23T02:00:00Z,24,ANA,68,UTA,Honda Center,FINAL
2025010018,2025-09-23T23:00:00Z,3,NYR,6,BOS,Madison Square Garden,FINAL
2025010019,2025-09-23T23:00:00Z,17,DET,16,CHI,Little Caesars Arena,FINAL
2025010020,2025-09-23T23:00:00Z,7,BUF,29,CBJ,KeyBank Center,FINAL
2025010024,2025-09-23T23:00:00Z,1,NJD,2,NYI,Prudential Center,FINAL
2025010025,2025-09-23T23:00:00Z,10,TOR,9,OTT,Scotiabank Arena,FINAL
2025010026,2025-09-23T23:00:00Z,8,MTL,4,PHI,Centre Bell,FINAL
2025010021,2025-09-24T00:00:00Z,25,DAL,30,MIN,American Airlines Center,FINAL
2025010022,2025-09-24T00:00:00Z,52,WPG,22,EDM,Canada Life Centre,FINAL
2025010028,2025-09-24T00:00:00Z,18,NSH,14,TBL,Bridgestone Arena,FINAL
2025010027,2025-09-24T01:00:00Z,20,CGY,55,SEA,Scotiabank Saddledome,FINAL
2025010023,2025-09-24T02:00:00Z,54,VGK,26,LAK,T-Mobile Arena,FINAL
2025010030,2025-09-24T22:00:00Z,12,CAR,13,FLA,Lenovo Center,FINAL
2025010032,2025-09-24T23:00:00Z,29,CBJ,5,PIT,Nationwide Arena,FINAL
2025010033,2025-09-25T01:00:00Z,22,EDM,55,SEA,Rogers Place,FINAL
2025010029,2025-09-25T02:00:00Z,23,VAN,20,CGY,Abbotsford Entertainment Centre,FINAL
2025010031,2025-09-25T02:00:00Z,24,ANA,26,LAK,Honda Center,FINAL
2025010034,2025-09-25T23:00:00Z,17,DET,7,BUF,Little Caesars Arena,FINAL
2025010035,2025-09-25T23:00:00Z,3,NYR,2,NYI,Madison Square Garden,FINAL
2025010036,2025-09-25T23:00:00Z,15,WSH,4,PHI,Giant Center,FINAL
2025010037,2025-09-25T23:00:00Z,8,MTL,10,TOR,Centre Bell,FINAL
2025010038,2025-09-26T00:00:00Z,30,MIN,25,DAL,Grand Casino Arena,FINAL
2025010039,2025-09-26T02:00:00Z,54,VGK,68,UTA,T-Mobile Arena,FINAL
2025010040,2025-09-26T23:00:00Z,14,TBL,12,CAR,Benchmark International Arena,FINAL
2025010041,2025-09-26T23:00:00Z,5,PIT,17,DET,PPG Paints Arena,FINAL
2025010042,2025-09-26T23:00:00Z,2,NYI,1,NJD,UBS Arena,FINAL
2025010045,2025-09-27T01:00:00Z,22,EDM,52,WPG,Rogers Place,FINAL
2025010043,2025-09-27T02:00:00Z,23,VAN,55,SEA,Rogers Arena,FINAL
2025010044,2025-09-27T02:00:00Z,28,SJS,54,VGK,SAP Center at San Jose,FINAL
2025010052,2025-09-27T19:00:00Z,7,BUF,17,DET,KeyBank Center,FINAL
2025010047,2025-09-27T21:00:00Z,4,PHI,6,BOS,Xfinity Mobile Arena,FINAL
2025010046,2025-09-27T22:00:00Z,26,LAK,24,ANA,Dignity Health Arena,FINAL
2025010048,2025-09-27T23:00:00Z,19,STL,16,CHI,Enterprise Center,FINAL
2025010050,2025-09-27T23:00:00Z,5,PIT,29,CBJ,PPG Paints Arena,FINAL
2025010051,2025-09-27T23:00:00Z,21,COL,25,DAL,Ball Arena,FINAL
2025010053,2025-09-27T23:00:00Z,10,TOR,8,MTL,Scotiabank Arena,FINAL
2025010054,2025-09-27T23:00:00Z,14,TBL,18,NSH,Benchmark International Arena,FINAL
2025010049,2025-09-28T00:00:00Z,52,WPG,20,CGY,Canada Life Centre,FINAL
2025010056,2025-09-28T19:00:00Z,9,OTT,1,NJD,Centre Videotron,FINAL
2025010059,2025-09-28T19:00:00Z,1,NJD,15,WSH,Prudential Center,FINAL
2025010057,2025-09-28T22:00:00Z,30,MIN,16,CHI,Grand Casino Arena,FINAL
2025010055,2025-09-28T23:00:00Z,12,CAR,18,NSH,Lenovo Center,FINAL
2025010058,2025-09-29T00:00:00Z,22,EDM,23,VAN,Rogers Place,FINAL
2025010061,2025-09-29T22:00:00Z,13,FLA,12,CAR,Amerant Bank Arena,FINAL
2025010062,2025-09-29T23:00:00Z,2,NYI,3,NYR,UBS Arena,FINAL
2025010063,2025-09-29T23:00:00Z,6,BOS,4,PHI,TD Garden,FINAL
2025010064,2025-09-29T23:00:00Z,17,DET,5,PIT,Little Caesars Arena,FINAL
2025010060,2025-09-30T02:00:00Z,55,SEA,20,CGY,Climate Pledge Arena,FINAL
2025010065,2025-09-30T02:00:00Z,24,ANA,28,SJS,Honda Center,FINAL
2025010067,2025-09-30T23:00:00Z,14,TBL,13,FLA,Kia Center,FINAL
2025010069,2025-09-30T23:00:00Z,9,OTT,8,MTL,Centre Videotron,FINAL
2025010071,2025-09-30T23:00:00Z,29,CBJ,15,WSH,Nationwide Arena,FINAL
2025010066,2025-10-01T00:00:00Z,16,CHI,17,DET,United Center,FINAL
2025010070,2025-10-01T00:00:00Z,21,COL,54,VGK,Ball Arena,FINAL
2025010072,2025-10-01T00:00:00Z,30,MIN,52,WPG,Grand Casino Arena,FINAL
2025010102,2025-10-01T00:00:00Z,19,STL,25,DAL,Enterprise Center,FINAL
2025010068,2025-10-01T01:00:00Z,68,UTA,26,LAK,Idaho Central Arena,FINAL
2025010076,2025-10-01T23:00:00Z,7,BUF,5,PIT,KeyBank Center,FINAL
2025010074,2025-10-02T01:00:00Z,54,VGK,21,COL,T-Mobile Arena,FINAL
2025010077,2025-10-02T01:00:00Z,20,CGY,23,VAN,Scotiabank Saddledome,FINAL
2025010073,2025-10-02T02:00:00Z,28,SJS,24,ANA,SAP Center at San Jose,FINAL
2025010075,2025-10-02T02:00:00Z,55,SEA,22,EDM,Climate Pledge Arena,FINAL
2025010078,2025-10-02T23:00:00Z,15,WSH,6,BOS,Capital One Arena,FINAL
2025010079,2025-10-02T23:00:00Z,10,TOR,17,DET,Scotiabank Arena,FINAL
2025010080,2025-10-02T23:00:00Z,14,TBL,13,FLA,Benchmark International Arena,FINAL
2025010082,2025-10-02T23:00:00Z,3,NYR,1,NJD,Madison Square Garden,FINAL
2025010083,2025-10-02T23:00:00Z,4,PHI,2,NYI,Xfinity Mobile Arena,FINAL
2025010084,2025-10-03T00:00:00Z,19,STL,9,OTT,Enterprise Center,FINAL
2025010081,2025-10-03T01:00:00Z,68,UTA,26,LAK,Delta Center,FINAL
2025010085,2025-10-03T23:00:00Z,5,PIT,7,BUF,PPG Paints Arena,FINAL
2025010086,2025-10-04T00:00:00Z,16,CHI,30,MIN,United Center,FINAL
2025010089,2025-10-04T01:00:00Z,20,CGY,52,WPG,Scotiabank Saddledome,FINAL
2025010087,2025-10-04T02:00:00Z,23,VAN,22,EDM,Rogers Arena,FINAL
2025010088,2025-10-04T02:00:00Z,54,VGK,28,SJS,T-Mobile Arena,FINAL
2025010094,2025-10-04T16:30:00Z,4,PHI,1,NJD,Xfinity Mobile Arena,FINAL
2025010095,2025-10-04T18:00:00Z,6,BOS,3,NYR,TD Garden,FINAL
2025010090,2025-10-04T20:00:00Z,26,LAK,24,ANA,Crypto.com Arena,FINAL
2025010091,2025-10-04T20:00:00Z,18,NSH,12,CAR,Bridgestone Arena,FINAL
2025010092,2025-10-04T22:00:00Z,25,DAL,21,COL,American Airlines Center,FINAL
2025010093,2025-10-04T23:00:00Z,15,WSH,29,CBJ,Capital One Arena,FINAL
2025010096,2025-10-04T23:00:00Z,8,MTL,9,OTT,Centre Bell,FINAL
2025010097,2025-10-04T23:00:00Z,16,CHI,19,STL,United Center,FINAL
2025010099,2025-10-04T23:00:00Z,13,FLA,14,TBL,Amerant Bank Arena,FINAL
2025010100,2025-10-04T23:00:00Z,17,DET,10,TOR,Little Caesars Arena,FINAL
2025010098,2025-10-05T00:00:00Z,68,UTA,28,SJS,Delta Center,FINAL
2025020001,2025-10-07T21:00:00Z,13,FLA,16,CHI,Amerant Bank Arena,OFF
2025020002,2025-10-08T00:00:00Z,3,NYR,5,PIT,Madison Square Garden,OFF
2025020003,2025-10-08T02:30:00Z,26,LAK,21,COL,Crypto.com Arena,OFF
2025020004,2025-10-08T23:00:00Z,10,TOR,8,MTL,Scotiabank Arena,OFF
2025020005,2025-10-08T23:30:00Z,15,WSH,6,BOS,Capital One Arena,OFF
2025020006,2025-10-09T02:00:00Z,22,EDM,20,CGY,Rogers Place,OFF
2025020007,2025-10-09T02:00:00Z,54,VGK,26,LAK,T-Mobile Arena,OFF
2025020008,2025-10-09T23:00:00Z,6,BOS,16,CHI,TD Garden,OFF
2025020009,2025-10-09T23:00:00Z,7,BUF,3,NYR,KeyBank Center,OFF
2025020010,2025-10-09T23:00:00Z,17,DET,8,MTL,Little Caesars Arena,OFF
2025020011,2025-10-09T23:00:00Z,14,TBL,9,OTT,Benchmark International Arena,OFF
2025020012,2025-10-09T23:00:00Z,13,FLA,4,PHI,Amerant Bank Arena,OFF
2025020013,2025-10-09T23:00:00Z,5,PIT,2,NYI,PPG Paints Arena,OFF
2025020014,2025-10-09T23:30:00Z,12,CAR,1,NJD,Lenovo Center,OFF
2025020015,2025-10-10T00:00:00Z,19,STL,30,MIN,Enterprise Center,OFF
2025020016,2025-10-10T00:00:00Z,18,NSH,29,CBJ,Bridgestone Arena,OFF
2025020017,2025-10-10T00:00:00Z,52,WPG,25,DAL,Canada Life Centre,OFF
2025020018,2025-10-10T01:00:00Z,21,COL,68,UTA,Ball Arena,OFF
2025020019,2025-10-10T02:00:00Z,23,VAN,20,CGY,Rogers Arena,OFF
2025020020,2025-10-10T02:00:00Z,28,SJS,54,VGK,SAP Center at San Jose,OFF
2025020021,2025-10-10T02:00:00Z,55,SEA,24,ANA,Climate Pledge Arena,OFF
2025020022,2025-10-11T17:30:00Z,52,WPG,26,LAK,Canada Life Centre,OFF
2025020023,2025-10-11T20:00:00Z,20,CGY,19,STL,Scotiabank Saddledome,OFF
2025020024,2025-10-11T23:00:00Z,6,BOS,7,BUF,TD Garden,OFF
2025020025,2025-10-11T23:00:00Z,17,DET,10,TOR,Little Caesars Arena,OFF
2025020026,2025-10-11T23:00:00Z,14,TBL,1,NJD,Benchmark International Arena,OFF
2025020027,2025-10-11T23:00:00Z,13,FLA,9,OTT,Amerant Bank Arena,OFF
2025020028,2025-10-11T23:00:00Z,2,NYI,15,WSH,UBS Arena,OFF
2025020029,2025-10-11T23:00:00Z,5,PIT,3,NYR,PPG Paints Arena,OFF
2025020030,2025-10-11T23:00:00Z,12,CAR,4,PHI,Lenovo Center,OFF
2025020031,2025-10-11T23:00:00Z,16,CHI,8,MTL,United Center,OFF
2025020032,2025-10-12T00:00:00Z,18,NSH,68,UTA,Bridgestone Arena,OFF
2025020033,2025-10-12T00:00:00Z,30,MIN,29,CBJ,Grand Casino Arena,OFF
2025020034,2025-10-12T01:00:00Z,21,COL,25,DAL,Ball Arena,OFF
2025020035,2025-10-12T02:00:00Z,22,EDM,23,VAN,Rogers Place,OFF
2025020036,2025-10-12T02:00:00Z,28,SJS,24,ANA,SAP Center at San Jose,OFF
2025020037,2025-10-12T02:00:00Z,55,SEA,54,VGK,Climate Pledge Arena,OFF
2025020038,2025-10-12T23:00:00Z,3,NYR,15,WSH,Madison Square Garden,OFF
2025020039,2025-10-13T16:30:00Z,7,BUF,21,COL,KeyBank Center,OFF
2025020040,2025-10-13T17:00:00Z,6,BOS,14,TBL,TD Garden,OFF
2025020041,2025-10-13T17:00:00Z,9,OTT,18,NSH,Canadian Tire Centre,OFF
2025020042,2025-10-13T17:00:00Z,2,NYI,52,WPG,UBS Arena,OFF
2025020043,2025-10-13T18:00:00Z,10,TOR,17,DET,Scotiabank Arena,OFF
2025020044,2025-10-13T23:00:00Z,4,PHI,13,FLA,Xfinity Mobile Arena,OFF
2025020045,2025-10-13T23:00:00Z,29,CBJ,1,NJD,Nationwide Arena,OFF
2025020046,2025-10-13T23:30:00Z,23,VAN,19,STL,Rogers Arena,OFF
2025020047,2025-10-14T00:00:00Z,30,MIN,26,LAK,Grand Casino Arena,OFF
2025020048,2025-10-14T00:30:00Z,16,CHI,68,UTA,United Center,OFF
2025020049,2025-10-14T23:00:00Z,10,TOR,18,NSH,Scotiabank Arena,OFF
2025020050,2025-10-14T23:00:00Z,8,MTL,55,SEA,Centre Bell,OFF
2025020051,2025-10-14T23:00:00Z,3,NYR,22,EDM,Madison Square Garden,OFF
2025020052,2025-10-14T23:00:00Z,15,WSH,14,TBL,Capital One Arena,OFF
2025020053,2025-10-15T01:00:00Z,20,CGY,54,VGK,Scotiabank Saddledome,OFF
2025020054,2025-10-15T01:30:00Z,25,DAL,30,MIN,American Airlines Center,OFF
2025020055,2025-10-15T02:00:00Z,28,SJS,12,CAR,SAP Center at San Jose,OFF
2025020056,2025-10-15T02:30:00Z,24,ANA,5,PIT,Honda Center,OFF
2025020057,2025-10-15T23:00:00Z,7,BUF,9,OTT,KeyBank Center,OFF
2025020058,2025-10-15T23:00:00Z,17,DET,13,FLA,Little Caesars Arena,OFF
2025020059,2025-10-16T01:30:00Z,19,STL,16,CHI,Enterprise Center,OFF
2025020060,2025-10-16T01:30:00Z,68,UTA,20,CGY,Delta Center,OFF
2025020061,2025-10-16T23:00:00Z,10,TOR,3,NYR,Scotiabank Arena,OFF
2025020062,2025-10-16T23:00:00Z,8,MTL,18,NSH,Centre Bell,OFF
2025020063,2025-10-16T23:00:00Z,9,OTT,55,SEA,Canadian Tire Centre,OFF
2025020064,2025-10-16T23:00:00Z,1,NJD,13,FLA,Prudential Center,OFF
2025020066,2025-10-16T23:00:00Z,4,PHI,52,WPG,Xfinity Mobile Arena,OFF
2025020067,2025-10-16T23:00:00Z,29,CBJ,21,COL,Nationwide Arena,OFF
2025020065,2025-10-16T23:30:00Z,2,NYI,22,EDM,UBS Arena,OFF
2025020068,2025-10-17T00:00:00Z,25,DAL,23,VAN,American Airlines Center,OFF
2025020069,2025-10-17T02:00:00Z,54,VGK,6,BOS,T-Mobile Arena,OFF
2025020070,2025-10-17T02:00:00Z,24,ANA,12,CAR,Honda Center,OFF
2025020071,2025-10-17T02:00:00Z,26,LAK,5,PIT,Crypto.com Arena,OFF
2025020072,2025-10-17T23:00:00Z,17,DET,14,TBL,Little Caesars Arena,OFF
2025020073,2025-10-17T23:00:00Z,15,WSH,30,MIN,Capital One Arena,OFF
2025020074,2025-10-18T00:30:00Z,16,CHI,23,VAN,United Center,OFF
2025020075,2025-10-18T01:00:00Z,68,UTA,28,SJS,Delta Center,OFF
2025020076,2025-10-18T17:00:00Z,7,BUF,13,FLA,KeyBank Center,OFF
2025020077,2025-10-18T19:00:00Z,9,OTT,2,NYI,Canadian Tire Centre,OFF
2025020078,2025-10-18T19:30:00Z,1,NJD,22,EDM,Prudential Center,OFF
2025020079,2025-10-18T23:00:00Z,10,TOR,55,SEA,Scotiabank Arena,OFF
2025020080,2025-10-18T23:00:00Z,8,MTL,3,NYR,Centre Bell,OFF
2025020081,2025-10-18T23:00:00Z,4,PHI,30,MIN,Xfinity Mobile Arena,OFF
2025020082,2025-10-18T23:00:00Z,29,CBJ,14,TBL,Nationwide Arena,OFF
2025020083,2025-10-18T23:00:00Z,19,STL,25,DAL,Enterprise Center,OFF
2025020084,2025-10-18T23:00:00Z,52,WPG,18,NSH,Canada Life Centre,OFF
2025020085,2025-10-19T01:00:00Z,21,COL,6,BOS,Ball Arena,OFF
2025020086,2025-10-19T01:00:00Z,26,LAK,12,CAR,Crypto.com Arena,OFF
2025020087,2025-10-19T02:00:00Z,54,VGK,20,CGY,T-Mobile Arena,OFF
2025020088,2025-10-19T02:00:00Z,28,SJS,5,PIT,SAP Center at San Jose,OFF
2025020089,2025-10-19T16:30:00Z,15,WSH,23,VAN,Capital One Arena,OFF
2025020090,2025-10-19T19:00:00Z,17,DET,22,EDM,Little Caesars Arena,OFF
2025020091,2025-10-19T23:00:00Z,16,CHI,24,ANA,United Center,OFF
2025020092,2025-10-19T23:00:00Z,68,UTA,6,BOS,Delta Center,OFF
2025020093,2025-10-20T23:00:00Z,3,NYR,30,MIN,Madison Square Garden,OFF
2025020094,2025-10-20T23:00:00Z,4,PHI,55,SEA,Xfinity Mobile Arena,OFF
2025020095,2025-10-20T23:30:00Z,8,MTL,7,BUF,Centre Bell,OFF
2025020096,2025-10-21T01:30:00Z,20,CGY,52,WPG,Scotiabank Saddledome,OFF
2025020097,2025-10-21T02:00:00Z,54,VGK,12,CAR,T-Mobile Arena,OFF
2025020098,2025-10-21T23:00:00Z,10,TOR,1,NJD,Scotiabank Arena,OFF
2025020099,2025-10-21T23:00:00Z,9,OTT,22,EDM,Canadian Tire Centre,OFF
2025020100,2025-10-21T23:00:00Z,2,NYI,28,SJS,UBS Arena,OFF
2025020101,2025-10-21T23:00:00Z,5,PIT,23,VAN,PPG Paints Arena,OFF
2025020102,2025-10-21T23:00:00Z,15,WSH,55,SEA,Capital One Arena,OFF
2025020103,2025-10-21T23:30:00Z,6,BOS,13,FLA,TD Garden,OFF
2025020104,2025-10-22T00:00:00Z,19,STL,26,LAK,Enterprise Center,OFF
2025020105,2025-10-22T00:00:00Z,18,NSH,24,ANA,Bridgestone Arena,OFF
2025020106,2025-10-22T00:00:00Z,25,DAL,29,CBJ,American Airlines Center,OFF
2025020107,2025-10-22T02:00:00Z,68,UTA,21,COL,Delta Center,OFF
2025020108,2025-10-22T23:00:00Z,1,NJD,30,MIN,Prudential Center,OFF
2025020109,2025-10-22T23:30:00Z,7,BUF,17,DET,KeyBank Center,OFF
2025020110,2025-10-23T00:30:00Z,20,CGY,8,MTL,Scotiabank Saddledome,OFF
2025020113,2025-10-23T22:45:00Z,14,TBL,16,CHI,Benchmark International Arena,OFF
2025020111,2025-10-23T23:00:00Z,6,BOS,24,ANA,TD Garden,OFF
2025020112,2025-10-23T23:00:00Z,9,OTT,4,PHI,Canadian Tire Centre,OFF
2025020114,2025-10-23T23:00:00Z,13,FLA,5,PIT,Amerant Bank Arena,OFF
2025020115,2025-10-23T23:00:00Z,2,NYI,17,DET,UBS Arena,OFF
2025020116,2025-10-23T23:00:00Z,3,NYR,28,SJS,Madison Square Garden,OFF
2025020117,2025-10-24T00:00:00Z,19,STL,68,UTA,Enterprise Center,OFF
2025020118,2025-10-24T00:00:00Z,18,NSH,23,VAN,Bridgestone Arena,OFF
2025020120,2025-10-24T00:00:00Z,52,WPG,55,SEA,Canada Life Centre,OFF
2025020119,2025-10-24T01:00:00Z,25,DAL,26,LAK,American Airlines Center,OFF
2025020121,2025-10-24T01:00:00Z,21,COL,12,CAR,Ball Arena,OFF
2025020122,2025-10-24T01:00:00Z,22,EDM,8,MTL,Rogers Place,OFF
2025020123,2025-10-24T23:00:00Z,7,BUF,10,TOR,KeyBank Center,OFF
2025020124,2025-10-24T23:00:00Z,1,NJD,28,SJS,Prudential Center,OFF
2025020125,2025-10-24T23:00:00Z,29,CBJ,15,WSH,Nationwide Arena,OFF
2025020126,2025-10-25T00:00:00Z,52,WPG,20,CGY,Canada Life Centre,OFF
2025020127,2025-10-25T16:30:00Z,4,PHI,2,NYI,Xfinity Mobile Arena,OFF
2025020128,2025-10-25T19:00:00Z,6,BOS,21,COL,TD Garden,OFF
2025020129,2025-10-25T21:00:00Z,14,TBL,24,ANA,Benchmark International Arena,OFF
2025020132,2025-10-25T21:00:00Z,10,TOR,7,BUF,Scotiabank Arena,OFF
2025020130,2025-10-25T22:00:00Z,13,FLA,54,VGK,Amerant Bank Arena,OFF
2025020131,2025-10-25T22:00:00Z,30,MIN,68,UTA,Grand Casino Arena,OFF
2025020133,2025-10-25T23:00:00Z,17,DET,19,STL,Little Caesars Arena,OFF
2025020134,2025-10-25T23:00:00Z,5,PIT,29,CBJ,PPG Paints Arena,OFF
2025020135,2025-10-25T23:00:00Z,15,WSH,9,OTT,Capital One Arena,OFF
2025020136,2025-10-25T23:00:00Z,23,VAN,8,MTL,Rogers Arena,OFF
2025020137,2025-10-26T00:00:00Z,18,NSH,26,LAK,Bridgestone Arena,OFF
2025020138,2025-10-26T00:00:00Z,25,DAL,12,CAR,American Airlines Center,OFF
2025020139,2025-10-26T02:00:00Z,55,SEA,22,EDM,Climate Pledge Arena,OFF
2025020140,2025-10-26T17:00:00Z,1,NJD,21,COL,Prudential Center,OFF
2025020141,2025-10-26T21:00:00Z,14,TBL,54,VGK,Benchmark International Arena,OFF
2025020142,2025-10-26T22:00:00Z,30,MIN,28,SJS,Grand Casino Arena,OFF
2025020143,2025-10-26T22:00:00Z,52,WPG,68,UTA,Canada Life Centre,OFF
2025020144,2025-10-26T23:00:00Z,16,CHI,26,LAK,United Center,OFF
2025020145,2025-10-26T23:00:00Z,18,NSH,25,DAL,Bridgestone Arena,OFF
2025020146,2025-10-27T00:00:00Z,20,CGY,3,NYR,Scotiabank Saddledome,OFF
2025020147,2025-10-27T02:00:00Z,23,VAN,22,EDM,Rogers Arena,OFF
2025020148,2025-10-27T23:00:00Z,5,PIT,19,STL,PPG Paints Arena,OFF
2025020149,2025-10-27T23:30:00Z,9,OTT,6,BOS,Canadian Tire Centre,OFF
2025020150,2025-10-28T22:00:00Z,4,PHI,5,PIT,Xfinity Mobile Arena,OFF
2025020151,2025-10-28T22:00:00Z,10,TOR,20,CGY,Scotiabank Arena,OFF
2025020155,2025-10-28T22:30:00Z,12,CAR,54,VGK,Lenovo Center,OFF
2025020152,2025-10-28T22:45:00Z,7,BUF,29,CBJ,KeyBank Center,OFF
2025020153,2025-10-28T23:00:00Z,13,FLA,24,ANA,Amerant Bank Arena,OFF
2025020154,2025-10-28T23:15:00Z,6,BOS,2,NYI,TD Garden,OFF
2025020156,2025-10-28T23:45:00Z,18,NSH,14,TBL,Bridgestone Arena,OFF
2025020157,2025-10-29T00:00:00Z,30,MIN,52,WPG,Grand Casino Arena,OFF
2025020158,2025-10-29T00:15:00Z,19,STL,17,DET,Enterprise Center,OFF
2025020159,2025-10-29T00:30:00Z,25,DAL,15,WSH,American Airlines Center,OFF
2025020160,2025-10-29T00:45:00Z,16,CHI,9,OTT,United Center,OFF
2025020161,2025-10-29T01:00:00Z,21,COL,1,NJD,Ball Arena,OFF
2025020162,2025-10-29T01:30:00Z,22,EDM,68,UTA,Rogers Place,OFF
2025020163,2025-10-29T02:00:00Z,23,VAN,3,NYR,Rogers Arena,OFF
2025020164,2025-10-29T02:30:00Z,55,SEA,8,MTL,Climate Pledge Arena,OFF
2025020165,2025-10-29T03:00:00Z,28,SJS,26,LAK,SAP Center at San Jose,OFF
2025020166,2025-10-29T23:30:00Z,29,CBJ,10,TOR,Nationwide Arena,OFF
2025020167,2025-10-30T23:00:00Z,6,BOS,7,BUF,TD Garden,OFF
2025020168,2025-10-30T23:00:00Z,9,OTT,20,CGY,Canadian Tire Centre,OFF
2025020169,2025-10-30T23:00:00Z,14,TBL,25,DAL,Benchmark International Arena,OFF
2025020170,2025-10-30T23:00:00Z,4,PHI,18,NSH,Xfinity Mobile Arena,OFF
2025020171,2025-10-30T23:30:00Z,12,CAR,2,NYI,Lenovo Center,OFF
2025020172,2025-10-31T00:00:00Z,19,STL,23,VAN,Enterprise Center,OFF
2025020173,2025-10-31T00:00:00Z,30,MIN,5,PIT,Grand Casino Arena,OFF
2025020174,2025-10-31T00:00:00Z,52,WPG,16,CHI,Canada Life Centre,OFF
2025020175,2025-10-31T01:00:00Z,22,EDM,3,NYR,Rogers Place,OFF
2025020176,2025-10-31T02:00:00Z,28,SJS,1,NJD,SAP Center at San Jose,OFF
2025020177,2025-10-31T02:30:00Z,26,LAK,17,DET,Crypto.com Arena,OFF
2025020178,2025-10-31T20:00:00Z,54,VGK,21,COL,T-Mobile Arena,OFF
2025020179,2025-10-31T23:00:00Z,15,WSH,2,NYI,Capital One Arena,OFF
2025020180,2025-11-01T02:00:00Z,24,ANA,17,DET,Honda Center,OFF
2025020181,2025-11-01T17:00:00Z,6,BOS,12,CAR,TD Garden,OFF
2025020182,2025-11-01T19:00:00Z,52,WPG,5,PIT,Canada Life Centre,OFF
2025020183,2025-11-01T19:30:00Z,18,NSH,20,CGY,Bridgestone Arena,OFF
2025020184,2025-11-01T20:00:00Z,28,SJS,21,COL,SAP Center at San Jose,OFF
2025020185,2025-11-01T22:00:00Z,13,FLA,25,DAL,Amerant Bank Arena,OFF
2025020186,2025-11-01T23:00:00Z,7,BUF,15,WSH,KeyBank Center,OFF
2025020187,2025-11-01T23:00:00Z,8,MTL,9,OTT,Centre Bell,OFF
2025020188,2025-11-01T23:00:00Z,4,PHI,10,TOR,Xfinity Mobile Arena,OFF
2025020189,2025-11-01T23:00:00Z,29,CBJ,19,STL,Nationwide Arena,OFF
2025020190,2025-11-01T23:00:00Z,30,MIN,23,VAN,Grand Casino Arena,OFF
2025020191,2025-11-02T01:00:00Z,26,LAK,1,NJD,Crypto.com Arena,OFF
2025020192,2025-11-02T02:00:00Z,22,EDM,16,CHI,Rogers Place,OFF
2025020193,2025-11-02T02:00:00Z,55,SEA,3,NYR,Climate Pledge Arena,OFF
2025020194,2025-11-02T20:30:00Z,68,UTA,14,TBL,Delta Center,OFF
2025020195,2025-11-02T22:00:00Z,2,NYI,29,CBJ,UBS Arena,OFF
2025020196,2025-11-03T00:00:00Z,4,PHI,20,CGY,Xfinity Mobile Arena,OFF
2025020197,2025-11-03T01:00:00Z,24,ANA,1,NJD,Honda Center,OFF
2025020198,2025-11-03T01:00:00Z,28,SJS,17,DET,SAP Center at San Jose,OFF
2025020199,2025-11-04T00:30:00Z,10,TOR,5,PIT,Scotiabank Arena,OFF
2025020200,2025-11-04T01:30:00Z,19,STL,22,EDM,Enterprise Center,OFF
2025020201,2025-11-04T01:30:00Z,18,NSH,23,VAN,Bridgestone Arena,OFF
2025020202,2025-11-04T03:00:00Z,55,SEA,16,CHI,Climate Pledge Arena,OFF
2025020203,2025-11-05T00:00:00Z,7,BUF,68,UTA,KeyBank Center,OFF
2025020204,2025-11-05T00:00:00Z,8,MTL,4,PHI,Centre Bell,OFF
2025020205,2025-11-05T00:00:00Z,2,NYI,6,BOS,UBS Arena,OFF
2025020206,2025-11-05T00:00:00Z,3,NYR,12,CAR,Madison Square Garden,OFF
2025020207,2025-11-05T01:00:00Z,25,DAL,22,EDM,American Airlines Center,OFF
2025020208,2025-11-05T01:00:00Z,30,MIN,18,NSH,Grand Casino Arena,OFF
2025020209,2025-11-05T02:30:00Z,21,COL,14,TBL,Ball Arena,OFF
2025020210,2025-11-05T03:00:00Z,54,VGK,17,DET,T-Mobile Arena,OFF
2025020211,2025-11-05T03:00:00Z,24,ANA,13,FLA,Honda Center,OFF
2025020212,2025-11-05T03:30:00Z,26,LAK,52,WPG,Crypto.com Arena,OFF
2025020213,2025-11-06T00:00:00Z,10,TOR,68,UTA,Scotiabank Arena,OFF
2025020214,2025-11-06T00:30:00Z,15,WSH,19,STL,Capital One Arena,OFF
2025020215,2025-11-06T02:30:00Z,20,CGY,29,CBJ,Scotiabank Saddledome,OFF
2025020216,2025-11-06T03:00:00Z,23,VAN,16,CHI,Rogers Arena,OFF
2025020217,2025-11-06T03:00:00Z,55,SEA,28,SJS,Climate Pledge Arena,OFF
2025020218,2025-11-07T00:00:00Z,6,BOS,9,OTT,TD Garden,OFF
2025020219,2025-11-07T00:00:00Z,7,BUF,19,STL,KeyBank Center,OFF
2025020220,2025-11-07T00:00:00Z,1,NJD,8,MTL,Prudential Center,OFF
2025020222,2025-11-07T00:00:00Z,12,CAR,30,MIN,Lenovo Center,OFF
2025020221,2025-11-07T00:30:00Z,5,PIT,15,WSH,PPG Paints Arena,OFF
2025020223,2025-11-07T01:00:00Z,18,NSH,4,PHI,Bridgestone Arena,OFF
2025020224,2025-11-07T01:00:00Z,25,DAL,24,ANA,American Airlines Center,OFF
2025020225,2025-11-07T03:00:00Z,54,VGK,14,TBL,T-Mobile Arena,OFF
2025020226,2025-11-07T03:00:00Z,26,LAK,13,FLA,Crypto.com Arena,OFF
2025020227,2025-11-08T00:00:00Z,17,DET,3,NYR,Little Caesars Arena,FUT
2025020228,2025-11-08T00:00:00Z,2,NYI,30,MIN,UBS Arena,FUT
2025020229,2025-11-08T02:00:00Z,20,CGY,16,CHI,Scotiabank Saddledome,FUT
2025020230,2025-11-08T03:00:00Z,28,SJS,52,WPG,SAP Center at San Jose,FUT
2025020231,2025-11-08T17:30:00Z,1,NJD,5,PIT,Prudential Center,FUT
2025020232,2025-11-08T18:00:00Z,4,PHI,9,OTT,Xfinity Mobile Arena,FUT
2025020233,2025-11-08T20:30:00Z,18,NSH,25,DAL,Bridgestone Arena,FUT
2025020234,2025-11-09T00:00:00Z,10,TOR,6,BOS,Scotiabank Arena,FUT
2025020235,2025-11-09T00:00:00Z,8,MTL,68,UTA,Centre Bell,FUT
2025020236,2025-11-09T00:00:00Z,14,TBL,15,WSH,Benchmark International Arena,FUT
2025020237,2025-11-09T00:00:00Z,3,NYR,2,NYI,Madison Square Garden,FUT
2025020238,2025-11-09T00:00:00Z,12,CAR,7,BUF,Lenovo Center,FUT
2025020239,2025-11-09T00:00:00Z,19,STL,55,SEA,Enterprise Center,FUT
2025020240,2025-11-09T03:00:00Z,22,EDM,21,COL,Rogers Place,FUT
2025020241,2025-11-09T03:00:00Z,23,VAN,29,CBJ,Rogers Arena,FUT
2025020242,2025-11-09T03:00:00Z,54,VGK,24,ANA,T-Mobile Arena,FUT
2025020243,2025-11-09T03:00:00Z,28,SJS,13,FLA,SAP Center at San Jose,FUT
2025020244,2025-11-09T18:00:00Z,17,DET,16,CHI,Little Caesars Arena,FUT
2025020245,2025-11-09T19:00:00Z,5,PIT,26,LAK,PPG Paints Arena,FUT
2025020246,2025-11-10T00:00:00Z,10,TOR,12,CAR,Scotiabank Arena,FUT
2025020247,2025-11-10T00:00:00Z,9,OTT,68,UTA,Canadian Tire Centre,FUT
2025020248,2025-11-10T00:00:00Z,25,DAL,55,SEA,American Airlines Center,FUT
2025020249,2025-11-10T01:00:00Z,30,MIN,20,CGY,Grand Casino Arena,FUT
2025020250,2025-11-10T03:00:00Z,23,VAN,21,COL,Rogers Arena,FUT
2025020251,2025-11-10T03:00:00Z,24,ANA,52,WPG,Honda Center,FUT
2025020252,2025-11-11T00:00:00Z,1,NJD,2,NYI,Prudential Center,FUT
2025020253,2025-11-11T00:00:00Z,3,NYR,18,NSH,Madison Square Garden,FUT
2025020254,2025-11-11T01:30:00Z,22,EDM,29,CBJ,Rogers Place,FUT
2025020255,2025-11-11T03:00:00Z,54,VGK,13,FLA,T-Mobile Arena,FUT
2025020256,2025-11-12T00:00:00Z,6,BOS,10,TOR,TD Garden,FUT
2025020257,2025-11-12T00:00:00Z,8,MTL,26,LAK,Centre Bell,FUT
2025020258,2025-11-12T00:00:00Z,9,OTT,25,DAL,Canadian Tire Centre,FUT
2025020259,2025-11-12T00:00:00Z,12,CAR,15,WSH,Lenovo Center,FUT
2025020260,2025-11-12T01:00:00Z,19,STL,20,CGY,Enterprise Center,FUT
2025020261,2025-11-12T01:00:00Z,30,MIN,28,SJS,Grand Casino Arena,FUT
2025020262,2025-11-12T02:30:00Z,21,COL,24,ANA,Ball Arena,FUT
2025020263,2025-11-12T03:00:00Z,23,VAN,52,WPG,Rogers Arena,FUT
2025020264,2025-11-12T03:00:00Z,55,SEA,29,CBJ,Climate Pledge Arena,FUT
2025020265,2025-11-13T00:00:00Z,14,TBL,3,NYR,Benchmark International Arena,FUT
2025020266,2025-11-13T00:30:00Z,4,PHI,22,EDM,Xfinity Mobile Arena,FUT
2025020267,2025-11-13T02:00:00Z,68,UTA,7,BUF,Delta Center,FUT
2025020268,2025-11-13T02:30:00Z,16,CHI,1,NJD,United Center,FUT
2025020269,2025-11-14T00:00:00Z,10,TOR,26,LAK,Scotiabank Arena,FUT
2025020270,2025-11-14T00:00:00Z,8,MTL,25,DAL,Centre Bell,FUT
2025020271,2025-11-14T00:00:00Z,9,OTT,6,BOS,Canadian Tire Centre,FUT
2025020272,2025-11-14T00:00:00Z,17,DET,24,ANA,Little Caesars Arena,FUT
2025020273,2025-11-14T00:00:00Z,13,FLA,15,WSH,Amerant Bank Arena,FUT
2025020274,2025-11-14T00:30:00Z,29,CBJ,22,EDM,Nationwide Arena,FUT
2025020275,2025-11-14T02:00:00Z,21,COL,7,BUF,Ball Arena,FUT
2025020276,2025-11-14T02:00:00Z,20,CGY,28,SJS,Scotiabank Saddledome,FUT
2025020277,2025-11-14T03:00:00Z,54,VGK,2,NYI,T-Mobile Arena,FUT
2025020278,2025-11-14T03:00:00Z,55,SEA,52,WPG,Climate Pledge Arena,FUT
